Symbol,Industry,IsBanking,Price,TF Score,Cross Date,1hr,3hr,1day,1wk,1mo
ADANIPORTS,Services,False,1633.7,4/5,2026-04-27,âś…,âś…,âś…,âťŚ,âś…
AMBER,Consumer Durables,False,7975.0,4/5,2026-04-27,âś…,âś…,âś…,âťŚ,âś…
APOLLOHOSP,Healthcare,False,7766.5,4/5,2026-04-27,âś…,âś…,âś…,âťŚ,âś…
AUROPHARMA,Healthcare,False,1419.2,4/5,2026-04-27,âś…,âś…,âś…,âťŚ,âś…
BAJAJ-AUTO,Automobile and Auto Components,False,9655.5,4/5,2026-04-27,âś…,âś…,âś…,âťŚ,âś…
BHARATFORG,Automobile and Auto Components,False,1874.2,4/5,2026-04-27,âś…,âś…,âś…,âťŚ,âś…
BOSCHLTD,Automobile and Auto Components,False,37225.0,4/5,2026-04-27,âś…,âś…,âś…,âťŚ,âś…
BSE,Financial Services,True,3503.0,4/5,2026-04-27,âś…,âś…,âś…,âťŚ,âś…
CGPOWER,Capital Goods,False,826.15,4/5,2026-04-27,âś…,âś…,âś…,âťŚ,âś…
DRREDDY,Healthcare,False,1328.7,4/5,2026-04-27,âś…,âś…,âś…,âťŚ,âś…
GLENMARK,Healthcare,False,2309.8,4/5,2026-04-27,âś…,âś…,âś…,âťŚ,âś…
HINDALCO,Metals & Mining,False,1060.0,4/5,2026-04-27,âś…,âś…,âś…,âťŚ,âś…
HINDZINC,Metals & Mining,False,615.2,4/5,2026-04-27,âś…,âś…,âś…,âťŚ,âś…
KEI,Capital Goods,False,4967.6,4/5,2026-04-27,âś…,âś…,âś…,âťŚ,âś…
LT,Construction,False,4069.2,4/5,2026-04-27,âś…,âś…,âś…,âťŚ,âś…
LTF,Financial Services,True,292.2,4/5,2026-04-27,âś…,âś…,âś…,âťŚ,âś…
LUPIN,Healthcare,False,2330.0,4/5,2026-04-27,âś…,âś…,âś…,âťŚ,âś…
MARICO,Fast Moving Consumer Goods,False,787.95,4/5,2026-04-27,âś…,âś…,âś…,âťŚ,âś…
MCX,Financial Services,True,2795.0,4/5,2026-04-27,âś…,âś…,âś…,âťŚ,âś…
NATIONALUM,Metals & Mining,False,442.05,4/5,2026-04-27,âś…,âś…,âś…,âťŚ,âś…
NESTLEIND,Fast Moving Consumer Goods,False,1421.1,4/5,2026-04-27,âś…,âś…,âś…,âťŚ,âś…
NMDC,Metals & Mining,False,90.76,4/5,2026-04-27,âś…,âś…,âś…,âťŚ,âś…
NTPC,Power,False,409.15,4/5,2026-04-27,âś…,âś…,âś…,âťŚ,âś…
OBEROIRLTY,Realty,False,1719.3,4/5,2026-04-27,âś…,âś…,âś…,âťŚ,âś…
OFSS,Information Technology,False,9441.0,4/5,2026-04-27,âś…,âś…,âś…,âťŚ,âś…
PFC,Financial Services,True,475.55,4/5,2026-04-27,âś…,âś…,âś…,âťŚ,âś…
PNBHOUSING,Financial Services,True,1044.5,4/5,2026-04-27,âś…,âś…,âś…,âťŚ,âś…
POLYCAB,Capital Goods,False,8070.0,4/5,2026-04-27,âś…,âś…,âś…,âťŚ,âś…
POWERGRID,Power,False,319.45,4/5,2026-04-27,âś…,âś…,âś…,âťŚ,âś…
RECLTD,Financial Services,True,379.15,4/5,2026-04-27,âś…,âś…,âś…,âťŚ,âś…
SBIN,Financial Services,True,1106.25,4/5,2026-04-27,âś…,âś…,âś…,âťŚ,âś…
SIEMENS,Capital Goods,False,3857.0,4/5,2026-04-27,âś…,âś…,âś…,âťŚ,âś…
SONACOMS,Automobile and Auto Components,False,581.6,4/5,2026-04-27,âś…,âś…,âś…,âťŚ,âś…
TIINDIA,Automobile and Auto Components,False,2979.2,4/5,2026-04-27,âś…,âś…,âś…,âťŚ,âś…
TORNTPHARM,Healthcare,False,4182.8,4/5,2026-04-27,âś…,âś…,âś…,âťŚ,âś…
TORNTPOWER,Power,False,1812.0,4/5,2026-04-27,âś…,âś…,âś…,âťŚ,âś…
SUNPHARMA,Healthcare,False,1760.0,4/5,2026-04-16,âś…,âś…,âś…,âťŚ,âś…
IDEA,Telecommunication,False,9.67,4/5,2026-03-30,âś…,âś…,âś…,âťŚ,âś…
